"date","test_data","test_revert","change","endpoints_total","endpoints_added","urls_added","endpoints_removed","urls_removed"
"2026-04-28 08:13",FALSE,FALSE,"No data changes",1776,0,"",0,""
"2026-04-27 16:41",FALSE,FALSE,"No data changes",1776,0,"",0,
"2026-04-27 12:12",FALSE,FALSE,"No data changes",1776,0,"",0,
"2026-04-27 08:09",FALSE,FALSE,"No data changes",1776,0,"",0,
"2026-04-26 16:04",FALSE,FALSE,"No data changes",1776,0,"",0,
"2026-04-26 11:23",FALSE,FALSE,"No data changes",1776,0,"",0,
"2026-04-26 07:23",FALSE,FALSE,"No data changes",1776,0,"",0,
"2026-04-25 16:04",FALSE,FALSE,"No data changes",1776,0,"",0,
"2026-04-25 11:12",FALSE,FALSE,"No data changes",1776,0,"",0,
"2026-04-25 07:27",FALSE,FALSE,"No data changes",1776,0,"",0,
"2026-04-24 16:10",FALSE,FALSE,"No data changes",1776,0,"",0,
"2026-04-24 11:50",FALSE,FALSE,"No data changes",1776,0,"",0,
"2026-04-24 07:42",FALSE,FALSE,"No data changes",1776,0,"",0,
"2026-04-23 16:34",FALSE,FALSE,"No data changes",1776,0,"",0,
"2026-04-23 12:19",FALSE,FALSE,"No data changes",1776,0,"",0,
"2026-04-23 07:42",FALSE,FALSE,"No data changes",1776,0,"",0,
"2026-04-22 16:35",FALSE,FALSE,"No data changes",1776,0,"",0,
"2026-04-22 11:52",FALSE,FALSE,"No data changes",1776,0,"",0,
"2026-04-21 16:29",FALSE,FALSE,"No data changes",1776,0,"",0,
"2026-04-21 11:54",FALSE,FALSE,"No data changes",1776,0,"",0,
"2026-04-21 07:42",FALSE,FALSE,"No data changes",1776,0,"",0,
"2026-04-20 16:11",FALSE,FALSE,"No data changes",1776,0,"",0,
"2026-04-20 11:55",FALSE,FALSE,"No data changes",1776,0,"",0,
"2026-04-20 07:54",FALSE,FALSE,"No data changes",1776,0,"",0,
"2026-04-19 16:04",FALSE,FALSE,"No data changes",1776,0,"",0,
"2026-04-19 11:09",FALSE,FALSE,"No data changes",1776,0,"",0,
"2026-04-19 07:11",FALSE,FALSE,"No data changes",1776,0,"",0,
"2026-04-18 16:05",FALSE,FALSE,"No data changes",1776,0,"",0,
"2026-04-18 11:09",FALSE,FALSE,"No data changes",1776,0,"",0,
"2026-04-18 07:10",FALSE,FALSE,"No data changes",1776,0,"",0,
"2026-04-17 16:10",FALSE,FALSE,"No data changes",1776,0,"",0,
"2026-04-17 11:39",FALSE,FALSE,"No data changes",1776,0,"",0,
"2026-04-17 07:33",FALSE,FALSE,"No data changes",1776,0,"",0,
"2026-04-16 16:11",FALSE,FALSE,"No data changes",1776,0,"",0,
"2026-04-16 12:08",FALSE,FALSE,"No data changes",1776,0,"",0,
"2026-04-16 07:40",FALSE,FALSE,"Major data update",1776,1,"http://api.census.gov/data/timeseries/govsemp",0,
"2026-04-15 16:28",FALSE,FALSE,"No data changes",1775,0,"",0,
"2026-04-15 11:50",FALSE,FALSE,"No data changes",1775,0,"",0,
"2026-04-15 07:37",FALSE,FALSE,"No data changes",1775,0,"",0,
"2026-04-14 16:32",FALSE,FALSE,"No data changes",1775,0,"",0,
"2026-04-14 11:52",FALSE,FALSE,"No data changes",1775,0,"",0,
"2026-04-14 07:40",FALSE,FALSE,"No data changes",1775,0,"",0,
"2026-04-13 16:33",FALSE,FALSE,"No data changes",1775,0,"",0,
"2026-04-13 11:58",FALSE,FALSE,"No data changes",1775,0,"",0,
"2026-04-13 07:53",FALSE,FALSE,"No data changes",1775,0,"",0,
"2026-04-12 16:02",FALSE,FALSE,"No data changes",1775,0,"",0,
"2026-04-12 11:08",FALSE,FALSE,"No data changes",1775,0,"",0,
"2026-04-12 07:10",FALSE,FALSE,"No data changes",1775,0,"",0,
"2026-04-11 15:58",FALSE,FALSE,"No data changes",1775,0,"",0,
"2026-04-11 11:05",FALSE,FALSE,"No data changes",1775,0,"",0,
"2026-04-11 07:05",FALSE,FALSE,"No data changes",1775,0,"",0,
"2026-04-10 16:03",FALSE,FALSE,"No data changes",1775,0,"",0,
"2026-04-10 11:28",FALSE,FALSE,"No data changes",1775,0,"",0,
"2026-04-10 07:28",FALSE,FALSE,"No data changes",1775,0,"",0,
"2026-04-09 16:28",FALSE,FALSE,"No data changes",1775,0,"",0,
"2026-04-09 12:05",FALSE,FALSE,"No data changes",1775,0,"",0,
"2026-04-09 07:36",FALSE,FALSE,"Major data update",1775,1,"http://api.census.gov/data/2026/cps/basic/mar",0,
"2026-04-08 16:09",FALSE,FALSE,"No data changes",1774,0,"",0,
"2026-04-08 12:01",FALSE,FALSE,"No data changes",1774,0,"",0,
"2026-04-08 07:51",FALSE,FALSE,"No data changes",1774,0,"",0,
"2026-04-07 16:08",FALSE,FALSE,"No data changes",1774,0,"",0,
"2026-04-07 11:58",FALSE,FALSE,"No data changes",1774,0,"",0,
"2026-04-07 07:32",FALSE,FALSE,"No data changes",1774,0,"",0,
"2026-04-06 16:07",FALSE,FALSE,"No data changes",1774,0,"",0,
"2026-04-06 11:26",FALSE,FALSE,"No data changes",1774,0,"",0,
"2026-04-06 07:29",FALSE,FALSE,"No data changes",1774,0,"",0,
"2026-04-05 15:57",FALSE,FALSE,"No data changes",1774,0,"",0,
"2026-04-05 11:04",FALSE,FALSE,"No data changes",1774,0,"",0,
"2026-04-05 07:04",FALSE,FALSE,"No data changes",1774,0,"",0,
"2026-04-04 15:56",FALSE,FALSE,"No data changes",1774,0,"",0,
"2026-04-04 11:02",FALSE,FALSE,"No data changes",1774,0,"",0,
"2026-04-04 07:02",FALSE,FALSE,"No data changes",1774,0,"",0,
"2026-04-03 16:02",FALSE,FALSE,"No data changes",1774,0,"",0,
"2026-04-03 11:12",FALSE,FALSE,"No data changes",1774,0,"",0,
"2026-04-03 07:23",FALSE,FALSE,"No data changes",1774,0,"",0,
"2026-04-02 16:04",FALSE,FALSE,"No data changes",1774,0,"",0,
"2026-04-02 11:37",FALSE,FALSE,"No data changes",1774,0,"",0,
"2026-04-02 07:27",FALSE,FALSE,"No data changes",1774,0,"",0,
"2026-04-01 16:09",FALSE,FALSE,"No data changes",1774,0,"",0,
"2026-04-01 11:55",FALSE,FALSE,"No data changes",1774,0,"",0,
"2026-04-01 07:33",FALSE,FALSE,"No data changes",1774,0,"",0,
"2026-03-31 16:07",FALSE,FALSE,"No data changes",1774,0,"",0,
"2026-03-31 11:49",FALSE,FALSE,"No data changes",1774,0,"",0,
"2026-03-31 07:29",FALSE,FALSE,"No data changes",1774,0,"",0,
"2026-03-30 16:07",FALSE,FALSE,"No data changes",1774,0,"",0,
"2026-03-30 11:52",FALSE,FALSE,"No data changes",1774,0,"",0,
"2026-03-30 07:37",FALSE,FALSE,"No data changes",1774,0,"",0,
"2026-03-29 15:57",FALSE,FALSE,"No data changes",1774,0,"",0,
"2026-03-29 11:03",FALSE,FALSE,"No data changes",1774,0,"",0,
"2026-03-29 07:02",FALSE,FALSE,"No data changes",1774,0,"",0,
"2026-03-28 15:55",FALSE,FALSE,"No data changes",1774,0,"",0,
"2026-03-28 11:00",FALSE,FALSE,"No data changes",1774,0,"",0,
"2026-03-28 07:01",FALSE,FALSE,"No data changes",1774,0,"",0,
"2026-03-27 16:01",FALSE,FALSE,"No data changes",1774,0,"",0,
"2026-03-27 11:27",FALSE,FALSE,"No data changes",1774,0,"",0,
"2026-03-27 07:25",FALSE,FALSE,"No data changes",1774,0,"",0,
"2026-03-26 16:03",FALSE,FALSE,"No data changes",1774,0,"",0,
"2026-03-26 11:53",FALSE,FALSE,"Major data update",1774,14,"http://api.census.gov/data/2022/ecntypepayer, http://api.census.gov/data/2022/ecnrdofc, http://api.census.gov/data/2022/ecnpurmode, http://api.census.gov/data/2022/ecnpatient, http://api.census.gov/data/2022/ecnhosp, http://api.census.gov/data/2022/ecngrant, http://api.census.gov/data/2022/ecnexpbyaux, http://api.census.gov/data/2022/ecnentsup, http://api.census.gov/data/2022/ecnelmenu, http://api.census.gov/data/2022/ecncrfin, http://api.census.gov/data/2022/ecnconact, http://api.census.gov/data/2022/ecnclcust, http://api.census.gov/data/2022/ecnccard, http://api.census.gov/data/2022/ecnbranddeal",0,
"2026-03-26 07:30",FALSE,FALSE,"No data changes",1760,0,"",0,
"2026-03-25 16:04",FALSE,FALSE,"No data changes",1760,0,"",0,
"2026-03-25 11:50",FALSE,FALSE,"No data changes",1760,0,"",0,
"2026-03-25 07:25",FALSE,FALSE,"No data changes",1760,0,"",0,
"2026-03-24 16:05",FALSE,FALSE,"No data changes",1760,0,"",0,
"2026-03-24 11:55",FALSE,FALSE,"No data changes",1760,0,"",0,
"2026-03-24 07:27",FALSE,FALSE,"No data changes",1760,0,"",0,
"2026-03-23 16:04",FALSE,FALSE,"No data changes",1760,0,"",0,
"2026-03-23 11:38",FALSE,FALSE,"No data changes",1760,0,"",0,
"2026-03-23 07:26",FALSE,FALSE,"No data changes",1760,0,"",0,
"2026-03-22 15:49",FALSE,FALSE,"No data changes",1760,0,"",0,
"2026-03-22 10:56",FALSE,FALSE,"No data changes",1760,0,"",0,
"2026-03-22 06:56",FALSE,FALSE,"No data changes",1760,0,"",0,
"2026-03-21 15:48",FALSE,FALSE,"No data changes",1760,0,"",0,
"2026-03-21 10:55",FALSE,FALSE,"No data changes",1760,0,"",0,
"2026-03-21 06:55",FALSE,FALSE,"No data changes",1760,0,"",0,
"2026-03-20 15:59",FALSE,FALSE,"No data changes",1760,0,"",0,
"2026-03-20 11:13",FALSE,FALSE,"No data changes",1760,0,"",0,
"2026-03-20 07:07",FALSE,FALSE,"No data changes",1760,0,"",0,
"2026-03-19 16:03",FALSE,FALSE,"No data changes",1760,0,"",0,
"2026-03-19 11:25",FALSE,FALSE,"No data changes",1760,0,"",0,
"2026-03-19 07:10",FALSE,FALSE,"No data changes",1760,0,"",0,
"2026-03-18 16:01",FALSE,FALSE,"No data changes",1760,0,"",0,
"2026-03-18 11:50",FALSE,FALSE,"No data changes",1760,0,"",0,
"2026-03-18 07:27",FALSE,FALSE,"No data changes",1760,0,"",0,
"2026-03-17 16:04",FALSE,FALSE,"No data changes",1760,0,"",0,
"2026-03-17 11:41",FALSE,FALSE,"No data changes",1760,0,"",0,
"2026-03-17 07:26",FALSE,FALSE,"No data changes",1760,0,"",0,
"2026-03-16 16:02",FALSE,FALSE,"No data changes",1760,0,"",0,
"2026-03-16 11:42",FALSE,FALSE,"No data changes",1760,0,"",0,
"2026-03-16 07:28",FALSE,FALSE,"No data changes",1760,0,"",0,
"2026-03-15 15:52",FALSE,FALSE,"No data changes",1760,0,"",0,
"2026-03-15 10:58",FALSE,FALSE,"No data changes",1760,0,"",0,
"2026-03-15 06:59",FALSE,FALSE,"No data changes",1760,0,"",0,
"2026-03-14 15:50",FALSE,FALSE,"No data changes",1760,0,"",0,
"2026-03-14 14:39",FALSE,FALSE,"No data changes",1760,0,"",0,
"2026-03-14 10:57",FALSE,FALSE,"No data changes",1760,0,"",0,
"2026-03-14 06:56",FALSE,FALSE,"No data changes",1760,0,"",0,
"2026-03-13 15:58",FALSE,FALSE,"No data changes",1760,0,"",0,
"2026-03-13 11:12",FALSE,FALSE,"No data changes",1760,0,"",0,
"2026-03-13 07:07",FALSE,FALSE,"No data changes",1760,0,"",0,
"2026-03-12 16:01",FALSE,FALSE,"No data changes",1760,0,"",0,
"2026-03-12 11:33",FALSE,FALSE,"No data changes",1760,0,"",0,
"2026-03-12 07:12",FALSE,FALSE,"Major data update",1760,2,"http://api.census.gov/data/2026/cps/basic/feb, http://api.census.gov/data/2024/cps/foodsec/dec",0,
"2026-03-11 16:01",FALSE,FALSE,"No data changes",1758,0,"",0,
"2026-03-11 11:25",FALSE,FALSE,"No data changes",1758,0,"",0,
"2026-03-11 07:09",FALSE,FALSE,"No data changes",1758,0,"",0,
"2026-03-10 18:23",FALSE,FALSE,"No data changes",1758,0,"",0,
"2026-03-10 18:18",FALSE,FALSE,"No data changes",1758,0,"",0,
"2026-03-10 18:11",FALSE,FALSE,"No data changes",1758,0,"",0,
"2026-03-10 17:05",FALSE,FALSE,"No data changes",1758,0,"",0,
"2026-03-10 12:32",FALSE,FALSE,"No data changes",1758,0,"",0,
"2026-03-10 07:54",FALSE,FALSE,"No data changes",1758,0,"",0,
"2026-03-09 16:59",FALSE,FALSE,"No data changes",1758,0,"",0,
"2026-03-09 12:32",FALSE,FALSE,"No data changes",1758,0,"",0,
"2026-03-09 07:55",FALSE,FALSE,"No data changes",1758,0,"",0,
"2026-03-08 16:48",FALSE,FALSE,"No data changes",1758,0,"",0,
"2026-03-08 11:45",FALSE,FALSE,"No data changes",1758,0,"",0,
"2026-03-08 07:43",FALSE,FALSE,"No data changes",1758,0,"",0,
"2026-03-07 15:47",FALSE,FALSE,"No data changes",1758,0,"",0,
"2026-03-07 10:45",FALSE,FALSE,"No data changes",1758,0,"",0,
"2026-03-07 06:42",FALSE,FALSE,"No data changes",1758,0,"",0,
"2026-03-06 15:55",FALSE,FALSE,"No data changes",1758,0,"",0,
"2026-03-06 10:59",FALSE,FALSE,"No data changes",1758,0,"",0,
"2026-03-06 06:52",FALSE,FALSE,"No data changes",1758,0,"",0,
"2026-03-05 16:01",FALSE,FALSE,"No data changes",1758,0,"",0,
"2026-03-05 11:08",FALSE,FALSE,"Major data update",1758,3,"http://api.census.gov/data/2024/acs/acs5/pumspr, http://api.census.gov/data/2024/acs/acs5/pums, http://api.census.gov/data/timeseries/govsstatefin",0,
"2026-03-05 06:55",FALSE,FALSE,"No data changes",1755,0,"",0,
"2026-03-04 15:57",FALSE,FALSE,"No data changes",1755,0,"",0,
"2026-03-04 11:03",FALSE,FALSE,"No data changes",1755,0,"",0,
"2026-03-04 06:52",FALSE,FALSE,"No data changes",1755,0,"",0,
"2026-03-03 15:55",FALSE,FALSE,"No data changes",1755,0,"",0,
"2026-03-03 11:06",FALSE,FALSE,"No data changes",1755,0,"",0,
"2026-03-03 06:53",FALSE,FALSE,"No data changes",1755,0,"",0,
"2026-03-02 16:00",FALSE,FALSE,"No data changes",1755,0,"",0,
"2026-03-02 11:00",FALSE,FALSE,"No data changes",1755,0,"",0,
"2026-03-02 06:52",FALSE,FALSE,"No data changes",1755,0,"",0,
"2026-03-01 15:49",FALSE,FALSE,"No data changes",1755,0,"",0,
"2026-03-01 10:44",FALSE,FALSE,"No data changes",1755,0,"",0,
"2026-03-01 06:42",FALSE,FALSE,"No data changes",1755,0,"",0,
"2026-02-28 15:47",FALSE,FALSE,"No data changes",1755,0,"",0,
"2026-02-28 10:43",FALSE,FALSE,"No data changes",1755,0,"",0,
"2026-02-28 06:41",FALSE,FALSE,"No data changes",1755,0,"",0,
"2026-02-27 15:52",FALSE,FALSE,"No data changes",1755,0,"",0,
"2026-02-27 10:58",FALSE,FALSE,"No data changes",1755,0,"",0,
"2026-02-27 06:53",FALSE,FALSE,"No data changes",1755,0,"",0,
"2026-02-26 16:02",FALSE,FALSE,"No data changes",1755,0,"",0,
"2026-02-26 11:14",FALSE,FALSE,"Major data update",1755,6,"http://api.census.gov/data/2023/aiesnonemp, http://api.census.gov/data/timeseries/aies/miscsector, http://api.census.gov/data/timeseries/aies/inv, http://api.census.gov/data/timeseries/aies/exp02, http://api.census.gov/data/timeseries/aies/exp01, http://api.census.gov/data/timeseries/aies/ecom",0,
"2026-02-26 07:00",FALSE,FALSE,"No data changes",1749,0,"",0,
"2026-02-25 16:01",FALSE,FALSE,"No data changes",1749,0,"",0,
"2026-02-25 11:41",FALSE,FALSE,"No data changes",1749,0,"",0,
"2026-02-25 06:59",FALSE,FALSE,"No data changes",1749,0,"",0,
"2026-02-24 16:12",FALSE,FALSE,"No data changes",1749,0,"",0,
"2026-02-24 11:48",FALSE,FALSE,"No data changes",1749,0,"",0,
"2026-02-24 07:00",FALSE,FALSE,"No data changes",1749,0,"",0,
"2026-02-23 16:15",FALSE,FALSE,"No data changes",1749,0,"",0,
"2026-02-23 11:12",FALSE,FALSE,"No data changes",1749,0,"",0,
"2026-02-23 06:59",FALSE,FALSE,"No data changes",1749,0,"",0,
"2026-02-22 15:50",FALSE,FALSE,"No data changes",1749,0,"",0,
"2026-02-22 10:48",FALSE,FALSE,"No data changes",1749,0,"",0,
"2026-02-22 06:44",FALSE,FALSE,"No data changes",1749,0,"",0,
"2026-02-21 15:48",FALSE,FALSE,"No data changes",1749,0,"",0,
"2026-02-21 10:48",FALSE,FALSE,"No data changes",1749,0,"",0,
"2026-02-21 06:44",FALSE,FALSE,"No data changes",1749,0,"",0,
"2026-02-20 15:54",FALSE,FALSE,"No data changes",1749,0,"",0,
"2026-02-20 10:59",FALSE,FALSE,"No data changes",1749,0,"",0,
"2026-02-20 06:53",FALSE,FALSE,"No data changes",1749,0,"",0,
"2026-02-19 15:58",FALSE,FALSE,"No data changes",1749,0,"",0,
"2026-02-19 11:12",FALSE,FALSE,"Major data update",1749,1,"http://api.census.gov/data/2024/rhfs",0,
"2026-02-19 07:00",FALSE,FALSE,"No data changes",1748,0,"",0,
"2026-02-18 16:04",FALSE,FALSE,"No data changes",1748,0,"",0,
"2026-02-18 11:31",FALSE,FALSE,"No data changes",1748,0,"",0,
"2026-02-18 06:59",FALSE,FALSE,"No data changes",1748,0,"",0,
"2026-02-17 16:02",FALSE,FALSE,"No data changes",1748,0,"",0,
"2026-02-17 11:28",FALSE,FALSE,"No data changes",1748,0,"",0,
"2026-02-17 06:59",FALSE,FALSE,"No data changes",1748,0,"",0,
"2026-02-16 15:56",FALSE,FALSE,"No data changes",1748,0,"",0,
"2026-02-16 11:04",FALSE,FALSE,"No data changes",1748,0,"",0,
"2026-02-16 06:59",FALSE,FALSE,"No data changes",1748,0,"",0,
"2026-02-15 15:50",FALSE,FALSE,"No data changes",1748,0,"",0,
"2026-02-15 10:47",FALSE,FALSE,"No data changes",1748,0,"",0,
"2026-02-15 06:45",FALSE,FALSE,"No data changes",1748,0,"",0,
"2026-02-14 15:49",FALSE,FALSE,"No data changes",1748,0,"",0,
"2026-02-14 10:48",FALSE,FALSE,"No data changes",1748,0,"",0,
"2026-02-14 06:45",FALSE,FALSE,"No data changes",1748,0,"",0,
"2026-02-13 16:03",FALSE,FALSE,"No data changes",1748,0,"",0,
"2026-02-13 11:06",FALSE,FALSE,"No data changes",1748,0,"",0,
"2026-02-13 06:53",FALSE,FALSE,"No data changes",1748,0,"",0,
"2026-02-12 15:59",FALSE,FALSE,"No data changes",1748,0,"",0,
"2026-02-12 11:30",FALSE,FALSE,"Major data update",1748,2,"http://api.census.gov/data/2026/cps/basic/jan, http://api.census.gov/data/2024/geoinfo",0,
"2026-02-12 07:01",FALSE,FALSE,"No data changes",1746,0,"",0,
"2026-02-11 16:03",FALSE,FALSE,"No data changes",1746,0,"",0,
"2026-02-11 11:35",FALSE,FALSE,"No data changes",1746,0,"",0,
"2026-02-11 07:03",FALSE,FALSE,"No data changes",1746,0,"",0,
"2026-02-10 16:09",FALSE,FALSE,"No data changes",1746,0,"",0,
"2026-02-10 11:38",FALSE,FALSE,"No data changes",1746,0,"",0,
"2026-02-10 07:05",FALSE,FALSE,"No data changes",1746,0,"",0,
"2026-02-09 16:04",FALSE,FALSE,"No data changes",1746,0,"",0,
"2026-02-09 11:31",FALSE,FALSE,"No data changes",1746,0,"",0,
"2026-02-09 07:03",FALSE,FALSE,"No data changes",1746,0,"",0,
"2026-02-08 15:51",FALSE,FALSE,"No data changes",1746,0,"",0,
"2026-02-08 10:50",FALSE,FALSE,"No data changes",1746,0,"",0,
"2026-02-08 06:45",FALSE,FALSE,"No data changes",1746,0,"",0,
"2026-02-07 15:51",FALSE,FALSE,"No data changes",1746,0,"",0,
"2026-02-07 10:48",FALSE,FALSE,"No data changes",1746,0,"",0,
"2026-02-07 06:44",FALSE,FALSE,"No data changes",1746,0,"",0,
"2026-02-06 15:58",FALSE,FALSE,"No data changes",1746,0,"",0,
"2026-02-06 11:03",FALSE,FALSE,"No data changes",1746,0,"",0,
"2026-02-06 06:54",FALSE,FALSE,"No data changes",1746,0,"",0,
"2026-02-05 15:59",FALSE,FALSE,"No data changes",1746,0,"",0,
"2026-02-05 11:06",FALSE,FALSE,"No data changes",1746,0,"",0,
"2026-02-05 06:56",FALSE,FALSE,"No data changes",1746,0,"",0,
"2026-02-04 16:00",FALSE,FALSE,"No data changes",1746,0,"",0,
"2026-02-04 11:08",FALSE,FALSE,"No data changes",1746,0,"",0,
"2026-02-04 06:54",FALSE,FALSE,"No data changes",1746,0,"",0,
"2026-02-03 16:02",FALSE,FALSE,"No data changes",1746,0,"",0,
"2026-02-03 11:11",FALSE,FALSE,"No data changes",1746,0,"",0,
"2026-02-03 06:56",FALSE,FALSE,"No data changes",1746,0,"",0,
"2026-02-02 10:58",FALSE,FALSE,"No data changes",1746,0,"",0,
"2026-02-02 06:56",FALSE,FALSE,"No data changes",1746,0,"",0,
"2026-02-01 15:49",FALSE,FALSE,"No data changes",1746,0,"",0,
"2026-02-01 10:48",FALSE,FALSE,"No data changes",1746,0,"",0,
"2026-02-01 06:43",FALSE,FALSE,"No data changes",1746,0,"",0,
"2026-01-31 15:48",FALSE,FALSE,"No data changes",1746,0,"",0,
"2026-01-31 10:46",FALSE,FALSE,"No data changes",1746,0,"",0,
"2026-01-31 06:42",FALSE,FALSE,"No data changes",1746,0,"",0,
"2026-01-30 15:54",FALSE,FALSE,"No data changes",1746,0,"",0,
"2026-01-30 10:58",FALSE,FALSE,"No data changes",1746,0,"",0,
"2026-01-30 06:50",FALSE,FALSE,"No data changes",1746,0,"",0,
"2026-01-29 15:54",FALSE,FALSE,"No data changes",1746,0,"",0,
"2026-01-29 11:00",FALSE,FALSE,"No data changes",1746,0,"",0,
"2026-01-29 08:38",FALSE,FALSE,"Major data update",1746,5,"http://api.census.gov/data/2024/cre, http://api.census.gov/data/2024/acs/acs5/subject, http://api.census.gov/data/2024/acs/acs5/profile, http://api.census.gov/data/2024/acs/acs5/cprofile, http://api.census.gov/data/2024/acs/acs5",0,
"2026-01-29 06:52",FALSE,FALSE,"No data changes",1741,0,"",0,
"2026-01-28 15:56",FALSE,FALSE,"No data changes",1741,0,"",0,
"2026-01-28 10:58",FALSE,FALSE,"No data changes",1741,0,"",0,
"2026-01-28 06:44",FALSE,FALSE,"No data changes",1741,0,"",0,
"2026-01-27 15:47",FALSE,FALSE,"No data changes",1741,0,"",0,
"2026-01-27 10:51",FALSE,FALSE,"Minor data update",1741,0,"",0,
"2026-01-27 06:45",FALSE,FALSE,"No data changes",1741,0,"",0,
"2026-01-26 15:50",FALSE,FALSE,"No data changes",1741,0,"",0,
"2026-01-26 10:52",FALSE,FALSE,"No data changes",1741,0,"",0,
"2026-01-26 06:42",FALSE,FALSE,"No data changes",1741,0,"",0,
"2026-01-25 15:45",FALSE,FALSE,"No data changes",1741,0,"",0,
"2026-01-25 10:42",FALSE,FALSE,"No data changes",1741,0,"",0,
"2026-01-25 06:39",FALSE,FALSE,"No data changes",1741,0,"",0,
"2026-01-24 15:42",FALSE,FALSE,"No data changes",1741,0,"",0,
"2026-01-24 10:41",FALSE,FALSE,"No data changes",1741,0,"",0,
"2026-01-24 06:38",FALSE,FALSE,"No data changes",1741,0,"",0,
"2026-01-23 15:47",FALSE,FALSE,"No data changes",1741,0,"",0,
"2026-01-23 10:49",FALSE,FALSE,"No data changes",1741,0,"",0,
"2026-01-23 06:43",FALSE,FALSE,"No data changes",1741,0,"",0,
"2026-01-22 15:50",FALSE,FALSE,"No data changes",1741,0,"",0,
"2026-01-22 10:54",FALSE,FALSE,"Major data update",1741,4,"http://api.census.gov/data/2024/pdb/tract, http://api.census.gov/data/2024/pdb/blockgroup, http://api.census.gov/data/2022/geoinfo, http://api.census.gov/data/2021/geoinfo",0,
"2026-01-22 06:44",FALSE,FALSE,"No data changes",1737,0,"",0,
"2026-01-21 15:55",FALSE,FALSE,"No data changes",1737,0,"",0,
"2026-01-21 10:56",FALSE,FALSE,"No data changes",1737,0,"",0,
"2026-01-21 06:45",FALSE,FALSE,"No data changes",1737,0,"",0,
"2026-01-20 15:53",FALSE,FALSE,"No data changes",1737,0,"",0,
"2026-01-20 10:55",FALSE,FALSE,"No data changes",1737,0,"",0,
"2026-01-20 06:44",FALSE,FALSE,"No data changes",1737,0,"",0,
"2026-01-19 15:45",FALSE,FALSE,"No data changes",1737,0,"",0,
"2026-01-19 10:49",FALSE,FALSE,"No data changes",1737,0,"",0,
"2026-01-19 06:43",FALSE,FALSE,"No data changes",1737,0,"",0,
"2026-01-18 15:43",FALSE,FALSE,"No data changes",1737,0,"",0,
"2026-01-18 10:41",FALSE,FALSE,"No data changes",1737,0,"",0,
"2026-01-18 06:37",FALSE,FALSE,"No data changes",1737,0,"",0,
"2026-01-17 15:42",FALSE,FALSE,"No data changes",1737,0,"",0,
"2026-01-17 10:40",FALSE,FALSE,"No data changes",1737,0,"",0,
"2026-01-17 06:38",FALSE,FALSE,"No data changes",1737,0,"",0,
"2026-01-16 15:43",FALSE,FALSE,"No data changes",1737,0,"",0,
"2026-01-16 10:46",FALSE,FALSE,"No data changes",1737,0,"",0,
"2026-01-16 06:41",FALSE,FALSE,"No data changes",1737,0,"",0,
"2026-01-15 15:48",FALSE,FALSE,"No data changes",1737,0,"",0,
"2026-01-15 10:53",FALSE,FALSE,"Major data update",1737,1,"http://api.census.gov/data/2025/cps/basic/dec",0,
"2026-01-15 06:42",FALSE,FALSE,"No data changes",1736,0,"",0,
"2026-01-14 15:44",FALSE,FALSE,"No data changes",1736,0,"",0,
"2026-01-14 10:46",FALSE,FALSE,"No data changes",1736,0,"",0,
"2026-01-14 06:43",FALSE,FALSE,"No data changes",1736,0,"",0,
"2026-01-13 15:46",FALSE,FALSE,"No data changes",1736,0,"",0,
"2026-01-13 10:50",FALSE,FALSE,"No data changes",1736,0,"",0,
"2026-01-13 06:41",FALSE,FALSE,"No data changes",1736,0,"",0,
"2026-01-12 15:46",FALSE,FALSE,"No data changes",1736,0,"",0,
"2026-01-12 11:54",FALSE,FALSE,"No data changes",1736,0,"",0,
"2026-01-12 10:50",FALSE,FALSE,"No data changes",1736,0,"",0,
"2026-01-12 06:41",FALSE,FALSE,"No data changes",1736,0,"",0,
"2026-01-11 15:43",FALSE,FALSE,"No data changes",1736,0,"",0,
"2026-01-11 10:40",FALSE,FALSE,"No data changes",1736,0,"",0,
"2026-01-11 06:38",FALSE,FALSE,"No data changes",1736,0,"",0,
"2026-01-10 15:43",FALSE,FALSE,"No data changes",1736,0,"",0,
"2026-01-10 10:41",FALSE,FALSE,"No data changes",1736,0,"",0,
"2026-01-10 06:38",FALSE,FALSE,"No data changes",1736,0,"",0,
"2026-01-09 15:45",FALSE,FALSE,"No data changes",1736,0,"",0,
"2026-01-09 10:46",FALSE,FALSE,"No data changes",1736,0,"",0,
"2026-01-09 06:40",FALSE,FALSE,"No data changes",1736,0,"",0,
"2026-01-08 15:46",FALSE,FALSE,"No data changes",1736,0,"",0,
"2026-01-08 10:49",FALSE,FALSE,"Major data update",1736,2,"http://api.census.gov/data/2022/ecnpurgas, http://api.census.gov/data/2022/ecnpurelec",0,
"2026-01-08 06:42",FALSE,FALSE,"No data changes",1734,0,"",0,
"2026-01-07 15:47",FALSE,FALSE,"No data changes",1734,0,"",0,
"2026-01-07 10:49",FALSE,FALSE,"No data changes",1734,0,"",0,
"2026-01-07 06:42",FALSE,FALSE,"No data changes",1734,0,"",0,
"2026-01-06 15:45",FALSE,FALSE,"No data changes",1734,0,"",0,
"2026-01-06 10:45",FALSE,FALSE,"No data changes",1734,0,"",0,
"2026-01-06 06:40",FALSE,FALSE,"No data changes",1734,0,"",0,
"2026-01-05 15:46",FALSE,FALSE,"No data changes",1734,0,"",0,
"2026-01-05 10:47",FALSE,FALSE,"No data changes",1734,0,"",0,
"2026-01-05 06:41",FALSE,FALSE,"No data changes",1734,0,"",0,
"2026-01-04 15:43",FALSE,FALSE,"No data changes",1734,0,"",0,
"2026-01-04 10:39",FALSE,FALSE,"No data changes",1734,0,"",0,
"2026-01-04 06:38",FALSE,FALSE,"No data changes",1734,0,"",0,
"2026-01-03 15:42",FALSE,FALSE,"No data changes",1734,0,"",0,
"2026-01-03 10:40",FALSE,FALSE,"No data changes",1734,0,"",0,
"2026-01-03 06:38",FALSE,FALSE,"No data changes",1734,0,"",0,
"2026-01-02 15:43",FALSE,FALSE,"No data changes",1734,0,"",0,
"2026-01-02 10:43",FALSE,FALSE,"No data changes",1734,0,"",0,
"2026-01-02 06:38",FALSE,FALSE,"No data changes",1734,0,"",0,
"2026-01-01 15:44",FALSE,FALSE,"No data changes",1734,0,"",0,
"2026-01-01 10:43",FALSE,FALSE,"No data changes",1734,0,"",0,
"2026-01-01 06:39",FALSE,FALSE,"No data changes",1734,0,"",0,
"2025-12-31 15:43",FALSE,FALSE,"No data changes",1734,0,"",0,
"2025-12-31 10:42",FALSE,FALSE,"No data changes",1734,0,"",0,
"2025-12-31 06:38",FALSE,FALSE,"No data changes",1734,0,"",0,
"2025-12-30 15:44",FALSE,FALSE,"No data changes",1734,0,"",0,
"2025-12-30 10:45",FALSE,FALSE,"No data changes",1734,0,"",0,
"2025-12-30 06:39",FALSE,FALSE,"No data changes",1734,0,"",0,
"2025-12-29 15:45",FALSE,FALSE,"No data changes",1734,0,"",0,
"2025-12-29 10:44",FALSE,FALSE,"No data changes",1734,0,"",0,
"2025-12-29 06:40",FALSE,FALSE,"No data changes",1734,0,"",0,
"2025-12-28 15:43",FALSE,FALSE,"No data changes",1734,0,"",0,
"2025-12-28 10:40",FALSE,FALSE,"No data changes",1734,0,"",0,
"2025-12-28 06:38",FALSE,FALSE,"No data changes",1734,0,"",0,
"2025-12-27 15:42",FALSE,FALSE,"No data changes",1734,0,"",0,
"2025-12-27 10:39",FALSE,FALSE,"No data changes",1734,0,"",0,
"2025-12-27 06:37",FALSE,FALSE,"No data changes",1734,0,"",0,
"2025-12-26 15:42",FALSE,FALSE,"No data changes",1734,0,"",0,
"2025-12-26 10:42",FALSE,FALSE,"No data changes",1734,0,"",0,
"2025-12-26 06:39",FALSE,FALSE,"No data changes",1734,0,"",0,
"2025-12-25 15:43",FALSE,FALSE,"No data changes",1734,0,"",0,
"2025-12-25 10:41",FALSE,FALSE,"No data changes",1734,0,"",0,
"2025-12-25 06:38",FALSE,FALSE,"No data changes",1734,0,"",0,
"2025-12-24 15:43",FALSE,FALSE,"No data changes",1734,0,"",0,
"2025-12-24 10:42",FALSE,FALSE,"No data changes",1734,0,"",0,
"2025-12-24 06:39",FALSE,FALSE,"No data changes",1734,0,"",0,
"2025-12-23 15:43",FALSE,FALSE,"No data changes",1734,0,"",0,
"2025-12-23 10:43",FALSE,FALSE,"Major data update",1734,1,"http://api.census.gov/data/2025/cps/basic/nov",0,
"2025-12-23 06:39",FALSE,FALSE,"No data changes",1733,0,"",0,
"2025-12-22 15:44",FALSE,FALSE,"No data changes",1733,0,"",0,
"2025-12-22 10:44",FALSE,FALSE,"No data changes",1733,0,"",0,
"2025-12-22 06:38",FALSE,FALSE,"No data changes",1733,0,"",0,
"2025-12-21 15:41",FALSE,FALSE,"No data changes",1733,0,"",0,
"2025-12-21 10:39",FALSE,FALSE,"No data changes",1733,0,"",0,
"2025-12-21 06:37",FALSE,FALSE,"No data changes",1733,0,"",0,
"2025-12-20 15:40",FALSE,FALSE,"No data changes",1733,0,"",0,
"2025-12-20 10:39",FALSE,FALSE,"No data changes",1733,0,"",0,
"2025-12-20 06:37",FALSE,FALSE,"No data changes",1733,0,"",0,
"2025-12-19 15:43",FALSE,FALSE,"No data changes",1733,0,"",0,
"2025-12-19 10:44",FALSE,FALSE,"No data changes",1733,0,"",0,
"2025-12-19 06:39",FALSE,FALSE,"No data changes",1733,0,"",0,
"2025-12-18 15:42",FALSE,FALSE,"No data changes",1733,0,"",0,
"2025-12-18 10:45",FALSE,FALSE,"Major data update",1733,3,"http://api.census.gov/data/2024/cps/school/oct, http://api.census.gov/data/2022/ecnvalcon, http://api.census.gov/data/2022/ecnkob",0,
"2025-12-18 06:39",FALSE,FALSE,"No data changes",1730,0,"",0,
"2025-12-17 15:45",FALSE,FALSE,"No data changes",1730,0,"",0,
"2025-12-17 10:46",FALSE,FALSE,"No data changes",1730,0,"",0,
"2025-12-17 06:40",FALSE,FALSE,"No data changes",1730,0,"",0,
"2025-12-16 15:45",FALSE,FALSE,"No data changes",1730,0,"",0,
"2025-12-16 10:45",FALSE,FALSE,"No data changes",1730,0,"",0,
"2025-12-16 06:41",FALSE,FALSE,"No data changes",1730,0,"",0,
"2025-12-15 15:46",FALSE,FALSE,"No data changes",1730,0,"",0,
"2025-12-15 10:48",FALSE,FALSE,"No data changes",1730,0,"",0,
"2025-12-15 06:41",FALSE,FALSE,"No data changes",1730,0,"",0,
"2025-12-14 15:42",FALSE,FALSE,"No data changes",1730,0,"",0,
"2025-12-14 10:39",FALSE,FALSE,"No data changes",1730,0,"",0,
"2025-12-14 06:37",FALSE,FALSE,"No data changes",1730,0,"",0,
"2025-12-13 15:41",FALSE,FALSE,"No data changes",1730,0,"",0,
"2025-12-13 10:40",FALSE,FALSE,"No data changes",1730,0,"",0,
"2025-12-13 06:36",FALSE,FALSE,"No data changes",1730,0,"",0,
"2025-12-12 15:44",FALSE,FALSE,"No data changes",1730,0,"",0,
"2025-12-12 10:44",FALSE,FALSE,"No data changes",1730,0,"",0,
"2025-12-12 06:40",FALSE,FALSE,"No data changes",1730,0,"",0,
"2025-12-11 15:42",FALSE,FALSE,"No data changes",1730,0,"",0,
"2025-12-11 10:48",FALSE,FALSE,"Minor data update",1730,0,"",0,
"2025-12-11 06:40",FALSE,FALSE,"No data changes",1730,0,"",0,
"2025-12-10 15:47",FALSE,FALSE,"No data changes",1730,0,"",0,
"2025-12-10 10:45",FALSE,FALSE,"No data changes",1730,0,"",0,
"2025-12-10 06:40",FALSE,FALSE,"No data changes",1730,0,"",0,
"2025-12-09 15:40",FALSE,FALSE,"No data changes",1730,0,"",0,
"2025-12-09 10:44",FALSE,FALSE,"No data changes",1730,0,"",0,
"2025-12-09 06:40",FALSE,FALSE,"No data changes",1730,0,"",0,
"2025-12-08 15:44",FALSE,FALSE,"No data changes",1730,0,"",0,
"2025-12-08 10:44",FALSE,FALSE,"No data changes",1730,0,"",0,
"2025-12-08 06:40",FALSE,FALSE,"No data changes",1730,0,"",0,
"2025-12-07 15:40",FALSE,FALSE,"No data changes",1730,0,"",0,
"2025-12-07 10:37",FALSE,FALSE,"No data changes",1730,0,"",0,
"2025-12-07 06:36",FALSE,FALSE,"No data changes",1730,0,"",0,
"2025-12-06 15:41",FALSE,FALSE,"No data changes",1730,0,"",0,
"2025-12-06 10:38",FALSE,FALSE,"No data changes",1730,0,"",0,
"2025-12-06 06:36",FALSE,FALSE,"No data changes",1730,0,"",0,
"2025-12-05 15:43",FALSE,FALSE,"No data changes",1730,0,"",0,
"2025-12-05 10:44",FALSE,FALSE,"No data changes",1730,0,"",0,
"2025-12-05 06:39",FALSE,FALSE,"No data changes",1730,0,"",0,
"2025-12-04 15:45",FALSE,FALSE,"No data changes",1730,0,"",0,
"2025-12-04 10:46",FALSE,FALSE,"Major data update",1730,4,"http://api.census.gov/data/2025/cps/basic/sep, http://api.census.gov/data/2024/acs/acsse, http://api.census.gov/data/2024/acs/acs1/pumspr, http://api.census.gov/data/2024/acs/acs1/pums",0,
"2025-12-04 06:39",FALSE,FALSE,"No data changes",1726,0,"",0,
"2025-12-03 15:45",FALSE,FALSE,"No data changes",1726,0,"",0,
"2025-12-03 10:46",FALSE,FALSE,"No data changes",1726,0,"",0,
"2025-12-03 06:40",FALSE,FALSE,"No data changes",1726,0,"",0,
"2025-12-02 15:44",FALSE,FALSE,"No data changes",1726,0,"",0,
"2025-12-02 10:46",FALSE,FALSE,"No data changes",1726,0,"",0,
"2025-12-02 06:40",FALSE,FALSE,"No data changes",1726,0,"",0,
"2025-12-01 15:39",FALSE,FALSE,"No data changes",1726,0,"",0,
"2025-12-01 10:44",FALSE,FALSE,"No data changes",1726,0,"",0,
"2025-12-01 06:38",FALSE,FALSE,"No data changes",1726,0,"",0,
"2025-11-30 15:41",FALSE,FALSE,"No data changes",1726,0,"",0,
"2025-11-30 10:38",FALSE,FALSE,"No data changes",1726,0,"",0,
"2025-11-30 06:36",FALSE,FALSE,"No data changes",1726,0,"",0,
"2025-11-29 15:40",FALSE,FALSE,"No data changes",1726,0,"",0,
"2025-11-29 10:38",FALSE,FALSE,"No data changes",1726,0,"",0,
"2025-11-29 06:37",FALSE,FALSE,"No data changes",1726,0,"",0,
"2025-11-28 15:40",FALSE,FALSE,"No data changes",1726,0,"",0,
"2025-11-28 10:40",FALSE,FALSE,"No data changes",1726,0,"",0,
"2025-11-28 06:37",FALSE,FALSE,"No data changes",1726,0,"",0,
"2025-11-27 15:39",FALSE,FALSE,"No data changes",1726,0,"",0,
"2025-11-27 10:41",FALSE,FALSE,"No data changes",1726,0,"",0,
"2025-11-27 06:38",FALSE,FALSE,"No data changes",1726,0,"",0,
"2025-11-26 15:39",FALSE,FALSE,"No data changes",1726,0,"",0,
"2025-11-26 10:42",FALSE,FALSE,"No data changes",1726,0,"",0,
"2025-11-26 06:38",FALSE,FALSE,"No data changes",1726,0,"",0,
"2025-11-25 15:43",FALSE,FALSE,"No data changes",1726,0,"",0,
"2025-11-25 10:44",FALSE,FALSE,"No data changes",1726,0,"",0,
"2025-11-25 06:38",FALSE,FALSE,"No data changes",1726,0,"",0,
"2025-11-24 15:41",FALSE,FALSE,"No data changes",1726,0,"",0,
"2025-11-24 10:44",FALSE,FALSE,"No data changes",1726,0,"",0,
"2025-11-24 06:38",FALSE,FALSE,"No data changes",1726,0,"",0,
"2025-11-23 15:41",FALSE,FALSE,"No data changes",1726,0,"",0,
"2025-11-23 10:37",FALSE,FALSE,"No data changes",1726,0,"",0,
"2025-11-23 06:36",FALSE,FALSE,"No data changes",1726,0,"",0,
"2025-11-22 15:40",FALSE,FALSE,"No data changes",1726,0,"",0,
"2025-11-22 10:37",FALSE,FALSE,"No data changes",1726,0,"",0,
"2025-11-22 06:37",FALSE,FALSE,"No data changes",1726,0,"",0,
"2025-11-21 15:41",FALSE,FALSE,"No data changes",1726,0,"",0,
"2025-11-21 10:37",FALSE,FALSE,"No data changes",1726,0,"",0,
"2025-11-21 06:37",FALSE,FALSE,"No data changes",1726,0,"",0,
"2025-11-20 15:42",FALSE,FALSE,"Major data update",1726,6,"http://api.census.gov/data/2023/absnesdo, http://api.census.gov/data/2023/absnesd, http://api.census.gov/data/2023/absmcb, http://api.census.gov/data/2023/abscs, http://api.census.gov/data/2023/abscbo, http://api.census.gov/data/2023/abscb",0,
"2025-11-20 06:37",FALSE,FALSE,"No data changes",1720,0,"",0,
"2025-11-19 15:39",FALSE,FALSE,"No data changes",1720,0,"",0,
"2025-11-19 06:38",FALSE,FALSE,"No data changes",1720,0,"",0,
"2025-11-18 19:30",FALSE,FALSE,"No data changes",1720,0,"",0,
"2025-11-18 06:38",FALSE,FALSE,"No data changes",1720,0,"",0,
"2025-11-17 15:40",FALSE,FALSE,"No data changes",1720,0,"",0,
"2025-11-17 06:38",FALSE,FALSE,"No data changes",1720,0,"",0,
"2025-11-16 15:40",FALSE,FALSE,"No data changes",1720,0,"",0,
"2025-11-16 06:37",FALSE,FALSE,"No data changes",1720,0,"",0,
"2025-11-15 15:39",FALSE,FALSE,"No data changes",1720,0,"",0,
"2025-11-15 06:37",FALSE,FALSE,"No data changes",1720,0,"",0,
"2025-11-14 15:42",FALSE,FALSE,"No data changes",1720,0,"",0,
"2025-11-14 06:38",FALSE,FALSE,"No data changes",1720,0,"",0,
"2025-11-13 15:43",FALSE,FALSE,"No data changes",1720,0,"",0,
"2025-11-13 06:38",FALSE,FALSE,"No data changes",1720,0,"",0,
"2025-11-12 15:42",FALSE,FALSE,"No data changes",1720,0,"",0,
"2025-11-12 06:39",FALSE,FALSE,"No data changes",1720,0,"",0,
"2025-11-11 15:42",FALSE,FALSE,"No data changes",1720,0,"",0,
"2025-11-11 06:39",FALSE,FALSE,"No data changes",1720,0,"",0,
"2025-11-10 15:44",FALSE,FALSE,"No data changes",1720,0,"",0,
"2025-11-10 06:40",FALSE,FALSE,"No data changes",1720,0,"",0,
"2025-11-09 15:40",FALSE,FALSE,"No data changes",1720,0,"",0,
"2025-11-09 06:37",FALSE,FALSE,"No data changes",1720,0,"",0,
"2025-11-08 15:39",FALSE,FALSE,"No data changes",1720,0,"",0,
"2025-11-08 06:39",FALSE,FALSE,"No data changes",1720,0,"",0,
"2025-11-07 15:40",FALSE,FALSE,"No data changes",1720,0,"",0,
"2025-11-07 06:40",FALSE,FALSE,"No data changes",1720,0,"",0,
"2025-11-06 15:42",FALSE,FALSE,"No data changes",1720,0,"",0,
"2025-11-06 06:38",FALSE,FALSE,"No data changes",1720,0,"",0,
"2025-11-05 15:43",FALSE,FALSE,"No data changes",1720,0,"",0,
"2025-11-05 06:40",FALSE,FALSE,"No data changes",1720,0,"",0,
"2025-11-04 15:49",FALSE,FALSE,"No data changes",1720,0,"",0,
"2025-11-04 06:39",FALSE,FALSE,"No data changes",1720,0,"",0,
"2025-11-03 15:42",FALSE,FALSE,"No data changes",1720,0,"",0,
"2025-11-03 06:38",FALSE,FALSE,"No data changes",1720,0,"",0,
"2025-11-02 15:38",FALSE,FALSE,"No data changes",1720,0,"",0,
"2025-11-02 06:38",FALSE,FALSE,"No data changes",1720,0,"",0,
"2025-11-01 16:37",FALSE,FALSE,"No data changes",1720,0,"",0,
"2025-11-01 07:43",FALSE,FALSE,"No data changes",1720,0,"",0,
"2025-10-31 16:42",FALSE,FALSE,"No data changes",1720,0,"",0,
"2025-10-31 07:37",FALSE,FALSE,"No data changes",1720,0,"",0,
"2025-10-30 16:42",FALSE,FALSE,"No data changes",1720,0,"",0,
"2025-10-30 07:39",FALSE,FALSE,"No data changes",1720,0,"",0,
"2025-10-29 16:44",FALSE,FALSE,"No data changes",1720,0,"",0,
"2025-10-29 07:38",FALSE,FALSE,"No data changes",1720,0,"",0,
"2025-10-28 16:43",FALSE,FALSE,"No data changes",1720,0,"",0,
"2025-10-28 07:37",FALSE,FALSE,"No data changes",1720,0,"",0,
"2025-10-27 16:42",FALSE,FALSE,"No data changes",1720,0,"",0,
"2025-10-27 07:40",FALSE,FALSE,"No data changes",1720,0,"",0,
"2025-10-26 16:41",FALSE,FALSE,"No data changes",1720,0,"",0,
"2025-10-26 07:39",FALSE,FALSE,"No data changes",1720,0,"",0,
"2025-10-25 16:39",FALSE,FALSE,"No data changes",1720,0,"",0,
"2025-10-25 07:37",FALSE,FALSE,"No data changes",1720,0,"",0,
"2025-10-24 16:41",FALSE,FALSE,"No data changes",1720,0,"",0,
"2025-10-24 07:40",FALSE,FALSE,"No data changes",1720,0,"",0,
"2025-10-23 16:43",FALSE,FALSE,"No data changes",1720,0,"",0,
"2025-10-23 07:38",FALSE,FALSE,"No data changes",1720,0,"",0,
"2025-10-22 16:40",FALSE,FALSE,"No data changes",1720,0,"",0,
"2025-10-22 07:41",FALSE,FALSE,"No data changes",1720,0,"",0,
"2025-10-21 16:42",FALSE,FALSE,"No data changes",1720,0,"",0,
"2025-10-21 07:37",FALSE,FALSE,"No data changes",1720,0,"",0,
"2025-10-20 16:44",FALSE,FALSE,"No data changes",1720,0,"",0,
"2025-10-20 07:37",FALSE,FALSE,"No data changes",1720,0,"",0,
"2025-10-19 16:40",FALSE,FALSE,"No data changes",1720,0,"",0,
"2025-10-19 07:37",FALSE,FALSE,"No data changes",1720,0,"",0,
"2025-10-18 16:38",FALSE,FALSE,"No data changes",1720,0,"",0,
"2025-10-18 07:39",FALSE,FALSE,"No data changes",1720,0,"",0,
"2025-10-17 16:41",FALSE,FALSE,"No data changes",1720,0,"",0,
"2025-10-17 07:39",FALSE,FALSE,"No data changes",1720,0,"",0,
"2025-10-16 16:42",FALSE,FALSE,"No data changes",1720,0,"",0,
"2025-10-16 07:38",FALSE,FALSE,"No data changes",1720,0,"",0,
"2025-10-15 16:43",FALSE,FALSE,"No data changes",1720,0,"",0,
"2025-10-15 07:37",FALSE,FALSE,"No data changes",1720,0,"",0,
"2025-10-14 16:42",FALSE,FALSE,"No data changes",1720,0,"",0,
"2025-10-14 07:38",FALSE,FALSE,"No data changes",1720,0,"",0,
"2025-10-13 16:41",FALSE,FALSE,"No data changes",1720,0,"",0,
"2025-10-13 07:38",FALSE,FALSE,"No data changes",1720,0,"",0,
"2025-10-12 16:39",FALSE,FALSE,"No data changes",1720,0,"",0,
"2025-10-12 07:38",FALSE,FALSE,"No data changes",1720,0,"",0,
"2025-10-11 16:37",FALSE,FALSE,"No data changes",1720,0,"",0,
"2025-10-11 07:39",FALSE,FALSE,"No data changes",1720,0,"",0,
"2025-10-10 16:39",FALSE,FALSE,"No data changes",1720,0,"",0,
"2025-10-10 07:37",FALSE,FALSE,"No data changes",1720,0,"",0,
"2025-10-09 16:46",FALSE,FALSE,"No data changes",1720,0,"",0,
"2025-10-09 07:39",FALSE,FALSE,"No data changes",1720,0,"",0,
"2025-10-08 16:41",FALSE,FALSE,"No data changes",1720,0,"",0,
"2025-10-08 07:37",FALSE,FALSE,"No data changes",1720,0,"",0,
"2025-10-07 16:42",FALSE,FALSE,"No data changes",1720,0,"",0,
"2025-10-07 07:37",FALSE,FALSE,"No data changes",1720,0,"",0,
"2025-10-06 16:41",FALSE,FALSE,"No data changes",1720,0,"",0,
"2025-10-06 07:38",FALSE,FALSE,"No data changes",1720,0,"",0,
"2025-10-05 16:40",FALSE,FALSE,"No data changes",1720,0,"",0,
"2025-10-05 07:39",FALSE,FALSE,"No data changes",1720,0,"",0,
"2025-10-04 16:38",FALSE,FALSE,"No data changes",1720,0,"",0,
"2025-10-04 07:38",FALSE,FALSE,"No data changes",1720,0,"",0,
"2025-10-03 16:40",FALSE,FALSE,"No data changes",1720,0,"",0,
"2025-10-03 07:37",FALSE,FALSE,"No data changes",1720,0,"",0,
"2025-10-02 16:42",FALSE,FALSE,"No data changes",1720,0,"",0,
"2025-10-02 07:38",FALSE,FALSE,"No data changes",1720,0,"",0,
"2025-10-01 16:40",FALSE,FALSE,"No data changes",1720,0,"",0,
"2025-10-01 07:38",FALSE,FALSE,"No data changes",1720,0,"",0,
"2025-09-30 16:42",FALSE,FALSE,"No data changes",1720,0,"",0,
"2025-09-30 07:38",FALSE,FALSE,"No data changes",1720,0,"",0,
"2025-09-29 16:38",FALSE,FALSE,"No data changes",1720,0,"",0,
"2025-09-29 07:40",FALSE,FALSE,"No data changes",1720,0,"",0,
"2025-09-28 16:39",FALSE,FALSE,"No data changes",1720,0,"",0,
"2025-09-28 07:38",FALSE,FALSE,"No data changes",1720,0,"",0,
"2025-09-27 16:39",FALSE,FALSE,"No data changes",1720,0,"",0,
"2025-09-27 07:38",FALSE,FALSE,"No data changes",1720,0,"",0,
"2025-09-26 16:40",FALSE,FALSE,"No data changes",1720,0,"",0,
"2025-09-26 07:37",FALSE,FALSE,"No data changes",1720,0,"",0,
"2025-09-25 16:39",FALSE,FALSE,"Minor data update",1720,0,"",0,
"2025-09-25 07:37",FALSE,FALSE,"No data changes",1720,0,"",0,
"2025-09-24 16:38",FALSE,FALSE,"No data changes",1720,0,"",0,
"2025-09-24 07:37",FALSE,FALSE,"No data changes",1720,0,"",0,
"2025-09-23 16:40",FALSE,FALSE,"No data changes",1720,0,"",0,
"2025-09-23 07:37",FALSE,FALSE,"Major data update",1720,1,"http://api.census.gov/data/2024/sipp",0,
"2025-09-22 16:40",FALSE,FALSE,"No data changes",1719,0,"",0,
"2025-09-22 07:37",FALSE,FALSE,"No data changes",1719,0,"",0,
"2025-09-21 16:39",FALSE,FALSE,"No data changes",1719,0,"",0,
"2025-09-21 07:38",FALSE,FALSE,"No data changes",1719,0,"",0,
"2025-09-20 16:37",FALSE,FALSE,"No data changes",1719,0,"",0,
"2025-09-20 07:38",FALSE,FALSE,"No data changes",1719,0,"",0,
"2025-09-19 16:39",FALSE,FALSE,"No data changes",1719,0,"",0,
"2025-09-19 07:39",FALSE,FALSE,"No data changes",1719,0,"",0,
"2025-09-18 16:41",FALSE,FALSE,"No data changes",1719,0,"",0,
"2025-09-18 07:37",FALSE,FALSE,"No data changes",1719,0,"",0,
"2025-09-17 16:39",FALSE,FALSE,"No data changes",1719,0,"",0,
"2025-09-17 07:37",FALSE,FALSE,"No data changes",1719,0,"",0,
"2025-09-16 16:41",FALSE,FALSE,"No data changes",1719,0,"",0,
"2025-09-16 07:38",FALSE,FALSE,"No data changes",1719,0,"",0,
"2025-09-15 16:41",FALSE,FALSE,"No data changes",1719,0,"",0,
"2025-09-15 07:38",FALSE,FALSE,"No data changes",1719,0,"",0,
"2025-09-14 16:43",FALSE,FALSE,"No data changes",1719,0,"",0,
"2025-09-14 07:38",FALSE,FALSE,"No data changes",1719,0,"",0,
"2025-09-13 16:37",FALSE,FALSE,"No data changes",1719,0,"",0,
"2025-09-13 07:38",FALSE,FALSE,"No data changes",1719,0,"",0,
"2025-09-12 16:38",FALSE,FALSE,"No data changes",1719,0,"",0,
"2025-09-12 07:38",FALSE,FALSE,"No data changes",1719,0,"",0,
"2025-09-11 16:39",FALSE,FALSE,"No data changes",1719,0,"",0,
"2025-09-11 11:01",FALSE,FALSE,"No data changes",1719,0,"",0,
"2025-09-11 10:43",FALSE,FALSE,"No data changes",1719,0,"",0,
"2025-09-11 09:41",FALSE,FALSE,"No data changes",1719,0,"",0,
"2025-09-11 09:37",FALSE,FALSE,"No data changes",1719,0,"",0,
"2025-09-11 08:43",FALSE,FALSE,"No data changes",1719,0,"",0,
"2025-09-11 07:38",FALSE,FALSE,"Major data update",1719,7,"http://api.census.gov/data/2025/cps/basic/aug, http://api.census.gov/data/2025/cps/asec/mar, http://api.census.gov/data/2024/acs/acs1/subject, http://api.census.gov/data/2024/acs/acs1/spp, http://api.census.gov/data/2024/acs/acs1/profile, http://api.census.gov/data/2024/acs/acs1/cprofile, http://api.census.gov/data/2024/acs/acs1",0,
"2025-09-10 16:40",FALSE,FALSE,"No data changes",1712,0,"",0,
"2025-09-10 07:38",FALSE,FALSE,"No data changes",1712,0,"",0,
"2025-09-09 16:41",FALSE,FALSE,"Minor data update",1712,0,"",0,
"2025-09-09 07:40",FALSE,FALSE,"No data changes",1712,0,"",0,
"2025-09-08 16:41",FALSE,FALSE,"No data changes",1712,0,"",0,
"2025-09-08 07:38",FALSE,FALSE,"No data changes",1712,0,"",0,
"2025-09-07 16:38",FALSE,FALSE,"No data changes",1712,0,"",0,
"2025-09-07 07:37",FALSE,FALSE,"No data changes",1712,0,"",0,
"2025-09-06 16:37",FALSE,FALSE,"No data changes",1712,0,"",0,
"2025-09-06 07:37",FALSE,FALSE,"No data changes",1712,0,"",0,
"2025-09-05 16:41",FALSE,FALSE,"No data changes",1712,0,"",0,
"2025-09-05 07:38",FALSE,FALSE,"No data changes",1712,0,"",0,
"2025-09-04 16:38",FALSE,FALSE,"No data changes",1712,0,"",0,
"2025-09-04 07:46",FALSE,FALSE,"No data changes",1712,0,"",0,
"2025-09-03 16:40",FALSE,FALSE,"No data changes",1712,0,"",0,
"2025-09-03 07:38",FALSE,FALSE,"No data changes",1712,0,"",0,
"2025-09-02 16:37",FALSE,FALSE,"No data changes",1712,0,"",0,
"2025-09-02 07:38",FALSE,FALSE,"No data changes",1712,0,"",0,
"2025-09-01 16:39",FALSE,FALSE,"No data changes",1712,0,"",0,
"2025-09-01 07:37",FALSE,FALSE,"No data changes",1712,0,"",0,
"2025-08-31 16:40",FALSE,FALSE,"No data changes",1712,0,"",0,
"2025-08-31 07:37",FALSE,FALSE,"No data changes",1712,0,"",0,
"2025-08-30 16:39",FALSE,FALSE,"No data changes",1712,0,"",0,
"2025-08-30 07:37",FALSE,FALSE,"No data changes",1712,0,"",0,
"2025-08-29 16:40",FALSE,FALSE,"No data changes",1712,0,"",0,
"2025-08-29 07:38",FALSE,FALSE,"No data changes",1712,0,"",0,
"2025-08-28 16:40",FALSE,FALSE,"No data changes",1712,0,"",0,
"2025-08-28 07:41",FALSE,FALSE,"No data changes",1712,0,"",0,
"2025-08-27 16:45",FALSE,FALSE,"No data changes",1712,0,"",0,
"2025-08-27 07:37",FALSE,FALSE,"No data changes",1712,0,"",0,
"2025-08-26 16:41",FALSE,FALSE,"No data changes",1712,0,"",0,
"2025-08-26 07:40",FALSE,FALSE,"No data changes",1712,0,"",0,
"2025-08-25 16:41",FALSE,FALSE,"No data changes",1712,0,"",0,
"2025-08-25 07:40",FALSE,FALSE,"No data changes",1712,0,"",0,
"2025-08-24 16:40",FALSE,FALSE,"No data changes",1712,0,"",0,
"2025-08-24 07:37",FALSE,FALSE,"No data changes",1712,0,"",0,
"2025-08-23 16:39",FALSE,FALSE,"No data changes",1712,0,"",0,
"2025-08-23 07:38",FALSE,FALSE,"No data changes",1712,0,"",0,
"2025-08-22 16:42",FALSE,FALSE,"No data changes",1712,0,"",0,
"2025-08-22 12:09",FALSE,FALSE,"No data changes",1712,0,"",0,
"2025-08-22 07:39",FALSE,FALSE,"No data changes",1712,0,"",0,
"2025-08-21 16:41",FALSE,FALSE,"No data changes",1712,0,"",0,
"2025-08-21 07:40",FALSE,FALSE,"No data changes",1712,0,"",0,
"2025-08-20 16:42",FALSE,FALSE,"No data changes",1712,0,"",0,
"2025-08-20 07:39",FALSE,FALSE,"No data changes",1712,0,"",0,
"2025-08-19 16:41",FALSE,FALSE,"No data changes",1712,0,"",0,
"2025-08-19 07:40",FALSE,FALSE,"No data changes",1712,0,"",0,
"2025-08-18 16:41",FALSE,FALSE,"No data changes",1712,0,"",0,
"2025-08-18 07:39",FALSE,FALSE,"No data changes",1712,0,"",0,
"2025-08-17 16:42",FALSE,FALSE,"No data changes",1712,0,"",0,
"2025-08-17 07:37",FALSE,FALSE,"No data changes",1712,0,"",0,
"2025-08-16 16:41",FALSE,FALSE,"No data changes",1712,0,"",0,
"2025-08-16 07:37",FALSE,FALSE,"No data changes",1712,0,"",0,
"2025-08-15 16:43",FALSE,FALSE,"No data changes",1712,0,"",0,
"2025-08-15 07:39",FALSE,FALSE,"No data changes",1712,0,"",0,
"2025-08-14 16:43",FALSE,FALSE,"No data changes",1712,0,"",0,
"2025-08-14 16:35",FALSE,FALSE,"No data changes",1712,0,"",0,
"2025-08-14 07:39",FALSE,FALSE,"No data changes",1712,0,"",0,
"2025-08-13 16:43",FALSE,FALSE,"No data changes",1712,0,"",0,
"2025-08-13 07:41",FALSE,FALSE,"No data changes",1712,0,"",0,
"2025-08-12 16:43",FALSE,FALSE,"No data changes",1712,0,"",0,
"2025-08-12 07:40",FALSE,FALSE,"No data changes",1712,0,"",0,
"2025-08-11 16:43",FALSE,FALSE,"No data changes",1712,0,"",0,
"2025-08-11 13:05",FALSE,FALSE,"No data changes",1712,0,"",0,
"2025-08-11 12:38",FALSE,FALSE,"No data changes",1712,0,"",0,
"2025-08-11 09:05",FALSE,FALSE,"No data changes",1712,0,"",0,
"2025-08-10 09:30",FALSE,FALSE,"No data changes",1712,0,"",0,
"2025-08-09 09:31",FALSE,FALSE,"No data changes",1712,0,"",0,
"2025-08-08 09:43",FALSE,FALSE,"No data changes",1712,0,"",0,
"2025-08-07 09:51",FALSE,FALSE,"Major data update",1712,1,"http://api.census.gov/data/2025/cps/basic/jul",0,
"2025-08-06 09:35",FALSE,FALSE,"No data changes",1711,0,"",0,
"2025-08-05 09:47",FALSE,FALSE,"No data changes",1711,0,"",0,
"2025-08-04 09:47",FALSE,FALSE,"No data changes",1711,0,"",0,
"2025-08-03 09:36",FALSE,FALSE,"No data changes",1711,0,"",0,
"2025-08-02 09:35",FALSE,FALSE,"No data changes",1711,0,"",0,
"2025-08-02 09:35",FALSE,FALSE,"No data changes",1711,0,"",0,
"2025-08-01 09:42",FALSE,FALSE,"No data changes",1711,0,"",0,
"2025-07-31 10:40",FALSE,FALSE,"Major data update",1711,4,"http://api.census.gov/data/2022/ecngrmargprof, http://api.census.gov/data/2022/ecneoyinv, http://api.census.gov/data/2020/geoinfo, http://api.census.gov/data/timeseries/aies/basic",0,
"2025-07-30 09:44",FALSE,FALSE,"No data changes",1707,0,"",0,
"2025-07-29 09:46",FALSE,FALSE,"No data changes",1707,0,"",0,
"2025-07-28 09:44",FALSE,FALSE,"No data changes",1707,0,"",0,
"2025-07-27 09:34",FALSE,FALSE,"No data changes",1707,0,"",0,
"2025-07-26 09:37",FALSE,FALSE,"No data changes",1707,0,"",0,
"2025-07-25 09:43",FALSE,FALSE,"No data changes",1707,0,"",0,
"2025-07-24 09:43",FALSE,FALSE,"No data changes",1707,0,"",0,
"2025-07-23 09:43",FALSE,FALSE,"No data changes",1707,0,"",0,
